"동별(1)",동별(2),2023,2023,2023,2023,2023,2023,2023,2023,2023,2023,2023,2023,2023,2023,2023,2023,2023,2023,2023,2023,2023,2023
"동별(1)",동별(2),총 수급자,총 수급자,총 수급자,총 수급자,총 수급자,일반수급자,일반수급자,일반수급자,일반수급자,조건부 수급자,조건부 수급자,조건부 수급자,조건부 수급자,특례수급자,특례수급자,특례수급자,특례수급자,시설수급자,시설수급자,시설수급자,시설수급자,시설수급자
"동별(1)",동별(2),가구 (가구),시설수 (개소),인원 (명),인원 (명),인원 (명),가구 (가구),인원 (명),인원 (명),인원 (명),가구 (가구),인원 (명),인원 (명),인원 (명),가구 (가구),인원 (명),인원 (명),인원 (명),시설수 (개소),가구 (가구),인원 (명),인원 (명),인원 (명)
"동별(1)",동별(2),소계,소계,소계,남자,여자,소계,소계,남자,여자,소계,소계,남자,여자,소계,소계,남자,여자,소계,소계,소계,남자,여자
"합계",소계,313313,599,428256,198122,230134,258561,332055,151165,180890,49976,80077,39993,40084,4776,5803,2654,3149,599,10321,10321,4310,6011
"본청",소계,-,5,653,147,506,-,-,-,-,-,-,-,-,-,-,-,-,5,653,653,147,506
"종로구",소계,4487,15,5799,3251,2548,3694,4274,2421,1853,635,847,538,309,158,169,112,57,15,509,509,180,329
"종로구",청운효자동,159,-,232,84,148,142,202,73,129,15,26,9,17,2,4,2,2,-,-,-,-,-
"종로구",사직동,99,-,111,54,57,92,104,48,56,6,6,6,-,1,1,-,1,-,-,-,-,-
"종로구",삼청동,36,-,44,22,22,26,30,14,16,7,10,6,4,3,4,2,2,-,-,-,-,-
"종로구",부암동,111,-,130,59,71,97,108,48,60,9,17,10,7,5,5,1,4,-,-,-,-,-
"종로구",평창동,131,-,174,75,99,115,148,66,82,11,21,9,12,5,5,-,5,-,-,-,-,-
"종로구",무악동,182,-,229,88,141,166,203,73,130,11,20,12,8,5,6,3,3,-,-,-,-,-
"종로구",교남동,188,-,250,108,142,159,203,85,118,25,43,21,22,4,4,2,2,-,-,-,-,-
"종로구",가회동,59,-,80,36,44,47,63,28,35,7,11,4,7,5,6,4,2,-,-,-,-,-
"종로구",종로1.2.3.4가동,857,-,875,729,146,662,676,554,122,170,174,152,22,25,25,23,2,-,-,-,-,-
"종로구",종로5.6가동,279,-,319,216,103,217,238,156,82,54,72,52,20,8,9,8,1,-,-,-,-,-
"종로구",이화동,242,-,293,146,147,202,235,114,121,30,48,24,24,10,10,8,2,-,-,-,-,-
"종로구",혜화동,284,-,353,178,175,241,290,140,150,34,52,30,22,9,11,8,3,-,-,-,-,-
"종로구",창신1동,391,-,441,294,147,330,365,245,120,41,55,37,18,20,21,12,9,-,-,-,-,-
"종로구",창신2동,516,-,617,341,276,430,500,274,226,69,99,57,42,17,18,10,8,-,-,-,-,-
"종로구",창신3동,195,-,266,143,123,159,208,108,100,32,54,31,23,4,4,4,-,-,-,-,-,-
"종로구",숭인1동,279,-,356,172,184,219,278,129,149,41,58,29,29,19,20,14,6,-,-,-,-,-
"종로구",숭인2동,473,-,514,324,190,384,417,264,153,73,81,49,32,16,16,11,5,-,-,-,-,-
"종로구",기타,6,15,515,182,333,6,6,2,4,-,-,-,-,-,-,-,-,15,509,509,180,329
"중구",소계,5089,4,6264,3361,2903,4423,5316,2764,2552,588,769,510,259,78,93,45,48,4,86,86,42,44
"중구",소공동,41,-,44,35,9,30,33,24,9,11,11,11,-,-,-,-,-,-,-,-,-,-
"중구",회현동,412,-,433,341,92,356,377,288,89,51,51,50,1,5,5,3,2,-,-,-,-,-
"중구",명동,48,-,60,31,29,40,50,22,28,7,8,8,-,1,2,1,1,-,-,-,-,-
"중구",필동,107,-,114,74,40,86,92,59,33,20,21,15,6,1,1,-,1,-,-,-,-,-
"중구",장충동,129,-,153,76,77,107,126,63,63,16,20,11,9,6,7,2,5,-,-,-,-,-
"중구",광희동,205,-,239,132,107,175,199,106,93,27,37,23,14,3,3,3,-,-,-,-,-,-
"중구",을지로동,149,-,153,125,28,127,130,105,25,21,22,19,3,1,1,1,-,-,-,-,-,-
"중구",신당동,417,-,504,295,209,362,441,251,190,52,60,41,19,3,3,3,-,-,-,-,-,-
"중구",다산동,422,-,543,279,264,370,461,235,226,44,71,40,31,8,11,4,7,-,-,-,-,-
"중구",약수동,791,-,998,405,593,722,893,348,545,59,91,48,43,10,14,9,5,-,-,-,-,-
"중구",청구동,651,-,816,343,473,592,729,307,422,42,68,33,35,17,19,3,16,-,-,-,-,-
"중구",신당5동,462,-,594,303,291,404,523,256,267,52,63,42,21,6,8,5,3,-,-,-,-,-
"중구",동화동,167,-,226,113,113,144,195,93,102,23,31,20,11,-,-,-,-,-,-,-,-,-
"중구",황학동,497,-,595,329,266,409,480,251,229,81,107,75,32,7,8,3,5,-,-,-,-,-
"중구",중림동,589,-,704,438,266,497,585,356,229,82,108,74,34,10,11,8,3,-,-,-,-,-
"중구",기타,2,4,88,42,46,2,2,-,2,-,-,-,-,-,-,-,-,4,86,86,42,44
"용산구",소계,7098,10,9290,4815,4475,5809,7153,3631,3522,1098,1667,945,722,191,222,137,85,10,248,248,102,146
"용산구",후암동,696,-,952,466,486,577,765,367,398,100,164,85,79,19,23,14,9,-,-,-,-,-
"용산구",용산2가동,492,-,678,299,379,399,521,221,300,76,131,65,66,17,26,13,13,-,-,-,-,-
"용산구",남영동,1348,-,1411,1187,224,1057,1107,914,193,250,263,236,27,41,41,37,4,-,-,-,-,-
"용산구",청파동,953,-,1225,642,583,753,936,480,456,167,253,137,116,33,36,25,11,-,-,-,-,-
"용산구",원효로1동,364,-,450,263,187,296,367,210,157,57,71,46,25,11,12,7,5,-,-,-,-,-
"용산구",원효로2동,375,-,492,217,275,320,402,174,228,46,79,39,40,9,11,4,7,-,-,-,-,-
"용산구",효창동,118,-,162,68,94,93,116,49,67,20,40,16,24,5,6,3,3,-,-,-,-,-
"용산구",용문동,371,-,456,160,296,336,401,134,267,33,51,24,27,2,4,2,2,-,-,-,-,-
"용산구",한강로동,340,-,447,221,226,288,360,176,184,46,80,43,37,6,7,2,5,-,-,-,-,-
"용산구",이촌1동,40,-,58,22,36,37,49,18,31,3,9,4,5,-,-,-,-,-,-,-,-,-
"용산구",이촌2동,141,-,199,79,120,127,172,64,108,12,25,14,11,2,2,1,1,-,-,-,-,-
"용산구",이태원1동,193,-,242,105,137,159,188,74,114,30,50,29,21,4,4,2,2,-,-,-,-,-
"용산구",이태원2동,225,-,316,114,202,191,257,93,164,28,53,19,34,6,6,2,4,-,-,-,-,-
"용산구",한남동,397,-,496,231,265,319,385,179,206,65,96,43,53,13,15,9,6,-,-,-,-,-
"용산구",서빙고동,268,-,389,175,214,220,293,128,165,42,87,41,46,6,9,6,3,-,-,-,-,-
"용산구",보광동,770,-,1058,459,599,631,825,346,479,122,213,103,110,17,20,10,10,-,-,-,-,-
"용산구",기타,7,10,259,107,152,6,9,4,5,1,2,1,1,-,-,-,-,10,248,248,102,146
"성동구",소계,7947,13,10561,5161,5400,6459,7998,3782,4216,1384,2235,1181,1054,104,121,62,59,13,207,207,136,71
"성동구",왕십리2동,465,-,616,275,341,375,465,203,262,86,144,69,75,4,7,3,4,-,-,-,-,-
"성동구",왕십리도선동,775,-,991,452,539,641,780,340,440,126,201,105,96,8,10,7,3,-,-,-,-,-
"성동구",마장동,604,-,855,408,447,484,632,291,341,104,203,109,94,16,20,8,12,-,-,-,-,-
"성동구",사근동,205,-,247,112,135,166,191,85,106,32,49,22,27,7,7,5,2,-,-,-,-,-
"성동구",행당1동,300,-,403,195,208,240,317,151,166,55,81,43,38,5,5,1,4,-,-,-,-,-
"성동구",행당2동,686,-,905,344,561,581,737,272,465,98,161,69,92,7,7,3,4,-,-,-,-,-
"성동구",응봉동,178,-,249,123,126,149,203,99,104,29,46,24,22,-,-,-,-,-,-,-,-,-
"성동구",금호1가동,586,-,740,291,449,495,594,227,367,82,137,59,78,9,9,5,4,-,-,-,-,-
"성동구",금호2.3가동,587,-,799,349,450,475,610,263,347,108,183,83,100,4,6,3,3,-,-,-,-,-
"성동구",금호4가동,395,-,500,207,293,336,408,159,249,58,90,47,43,1,2,1,1,-,-,-,-,-
"성동구",옥수동,422,-,585,246,339,349,449,185,264,59,119,53,66,14,17,8,9,-,-,-,-,-
"성동구",성수1가1동,389,-,521,293,228,315,398,227,171,71,118,64,54,3,5,2,3,-,-,-,-,-
"성동구",성수1가2동,160,-,205,113,92,122,157,86,71,36,46,27,19,2,2,-,2,-,-,-,-,-
"성동구",성수2가1동,636,-,808,469,339,506,601,343,258,127,204,124,80,3,3,2,1,-,-,-,-,-
"성동구",성수2가3동,187,-,216,149,67,131,149,99,50,53,64,47,17,3,3,3,-,-,-,-,-,-
"성동구",송정동,588,-,741,413,328,482,598,325,273,103,140,85,55,3,3,3,-,-,-,-,-,-
"성동구",용답동,777,-,966,579,387,606,703,421,282,156,248,150,98,15,15,8,7,-,-,-,-,-
"성동구",기타,7,13,214,143,71,6,6,6,-,1,1,1,-,-,-,-,-,13,207,207,136,71
"광진구",소계,10443,19,14058,6687,7371,8584,11110,5204,5906,1791,2751,1422,1329,68,87,44,43,19,110,110,17,93
"광진구",화양동,580,-,680,386,294,484,571,318,253,95,108,68,40,1,1,-,1,-,-,-,-,-
"광진구",군자동,741,-,948,494,454,644,828,420,408,92,114,70,44,5,6,4,2,-,-,-,-,-
"광진구",중곡1동,708,-,983,456,527,571,770,357,413,133,209,97,112,4,4,2,2,-,-,-,-,-
"광진구",중곡2동,758,-,1037,501,536,611,802,377,425,141,229,120,109,6,6,4,2,-,-,-,-,-
"광진구",중곡3동,929,-,1288,607,681,738,985,454,531,188,298,151,147,3,5,2,3,-,-,-,-,-
"광진구",중곡4동,1203,-,1671,739,932,994,1324,584,740,196,331,148,183,13,16,7,9,-,-,-,-,-
"광진구",능동,308,-,410,190,220,254,336,148,188,52,72,40,32,2,2,2,-,-,-,-,-,-
"광진구",광장동,212,-,272,131,141,191,239,117,122,18,27,11,16,3,6,3,3,-,-,-,-,-
"광진구",자양1동,1010,-,1356,637,719,865,1121,514,607,132,217,113,104,13,18,10,8,-,-,-,-,-
"광진구",자양2동,699,-,971,437,534,562,737,330,407,134,229,105,124,3,5,2,3,-,-,-,-,-
"광진구",자양3동,309,-,410,191,219,264,348,151,197,45,62,40,22,-,-,-,-,-,-,-,-,-
"광진구",자양4동,894,-,1046,572,474,680,764,397,367,208,276,173,103,6,6,2,4,-,-,-,-,-
"광진구",구의1동,814,-,1085,526,559,695,909,432,477,115,172,92,80,4,4,2,2,-,-,-,-,-
"광진구",구의2동,875,-,1247,558,689,700,960,415,545,171,283,142,141,4,4,1,3,-,-,-,-,-
"광진구",구의3동,402,-,543,244,299,330,415,189,226,71,124,52,72,1,4,3,1,-,-,-,-,-
"광진구",기타,1,19,111,18,93,1,1,1,-,-,-,-,-,-,-,-,-,19,110,110,17,93
"동대문구",소계,12962,28,16524,8402,8122,10848,13208,6686,6522,1726,2678,1451,1227,388,459,200,259,28,179,179,65,114
"동대문구",용신동,1491,-,1730,1044,686,1257,1428,832,596,198,264,183,81,36,38,29,9,-,-,-,-,-
"동대문구",제기동,1314,-,1564,903,661,1107,1282,738,544,168,232,141,91,39,50,24,26,-,-,-,-,-
"동대문구",전농1동,1537,-,1893,993,900,1268,1511,791,720,206,310,174,136,63,72,28,44,-,-,-,-,-
"동대문구",전농2동,615,-,793,313,480,514,639,241,398,71,120,58,62,30,34,14,20,-,-,-,-,-
"동대문구",답십리1동,676,-,868,412,456,558,695,325,370,93,144,77,67,25,29,10,19,-,-,-,-,-
"동대문구",답십리2동,1085,-,1380,617,763,959,1187,524,663,95,156,79,77,31,37,14,23,-,-,-,-,-
"동대문구",장안1동,1213,-,1634,803,831,1010,1286,643,643,180,321,146,175,23,27,14,13,-,-,-,-,-
"동대문구",장안2동,1050,-,1532,761,771,824,1136,570,566,206,369,182,187,20,27,9,18,-,-,-,-,-
"동대문구",청량리동,1582,-,1849,965,884,1355,1543,793,750,184,252,151,101,43,54,21,33,-,-,-,-,-
"동대문구",회기동,259,-,322,165,157,202,244,122,122,52,71,41,30,5,7,2,5,-,-,-,-,-
"동대문구",휘경1동,276,-,343,186,157,220,267,138,129,49,68,43,25,7,8,5,3,-,-,-,-,-
"동대문구",휘경2동,516,-,668,332,336,444,565,287,278,63,94,40,54,9,9,5,4,-,-,-,-,-
"동대문구",이문1동,599,-,770,387,383,502,621,309,312,78,126,65,61,19,23,13,10,-,-,-,-,-
"동대문구",이문2동,734,-,986,449,537,614,791,366,425,82,151,71,80,38,44,12,32,-,-,-,-,-
"동대문구",기타,15,28,192,72,120,14,13,7,6,1,-,-,-,-,-,-,-,28,179,179,65,114
"중랑구",소계,20919,45,29059,13597,15462,18456,24390,11393,12997,2297,3902,1976,1926,166,202,96,106,45,565,565,132,433
"중랑구",면목2동,1405,-,1844,882,962,1256,1615,770,845,143,219,107,112,6,10,5,5,-,-,-,-,-
"중랑구",면목4동,1320,-,1835,843,992,1173,1570,704,866,138,255,134,121,9,10,5,5,-,-,-,-,-
"중랑구",면목5동,582,-,858,417,441,501,722,345,377,78,131,71,60,3,5,1,4,-,-,-,-,-
"중랑구",면목본동,2030,-,2668,1275,1393,1806,2334,1089,1245,205,314,173,141,19,20,13,7,-,-,-,-,-
"중랑구",면목7동,975,-,1217,593,624,849,1030,494,536,118,177,98,79,8,10,1,9,-,-,-,-,-
"중랑구",면목3.8동,1514,-,1996,918,1078,1332,1710,776,934,162,265,134,131,20,21,8,13,-,-,-,-,-
"중랑구",상봉1동,1247,-,1795,816,979,1102,1524,686,838,138,258,123,135,7,13,7,6,-,-,-,-,-
"중랑구",상봉2동,978,-,1219,648,571,851,1044,547,497,119,167,97,70,8,8,4,4,-,-,-,-,-
"중랑구",중화1동,822,-,1159,559,600,689,927,439,488,129,227,117,110,4,5,3,2,-,-,-,-,-
"중랑구",중화2동,2037,-,2602,1312,1290,1778,2191,1098,1093,246,397,208,189,13,14,6,8,-,-,-,-,-
"중랑구",묵1동,885,-,1261,541,720,789,1095,460,635,88,156,74,82,8,10,7,3,-,-,-,-,-
"중랑구",묵2동,896,-,1151,538,613,769,962,439,523,118,179,95,84,9,10,4,6,-,-,-,-,-
"중랑구",망우본동,2234,-,2962,1412,1550,1970,2530,1193,1337,253,419,214,205,11,13,5,8,-,-,-,-,-
"중랑구",망우3동,1459,-,1997,989,1008,1263,1663,824,839,169,299,147,152,27,35,18,17,-,-,-,-,-
"중랑구",신내1동,1464,-,2487,1079,1408,1335,2189,955,1234,121,287,118,169,8,11,6,5,-,-,-,-,-
"중랑구",신내2동,1063,-,1435,641,794,985,1276,572,704,72,152,66,86,6,7,3,4,-,-,-,-,-
"중랑구",기타,8,45,573,134,439,8,8,2,6,-,-,-,-,-,-,-,-,45,565,565,132,433
"성북구",소계,13043,31,17914,8060,9854,10443,13222,5870,7352,2424,4128,1972,2156,176,196,102,94,31,368,368,116,252
"성북구",성북동,339,-,471,209,262,280,369,169,200,56,99,40,59,3,3,-,3,-,-,-,-,-
"성북구",삼선동,731,-,945,450,495,583,726,334,392,134,201,106,95,14,18,10,8,-,-,-,-,-
"성북구",동선동,387,-,478,233,245,280,339,168,171,101,133,64,69,6,6,1,5,-,-,-,-,-
"성북구",돈암1동,502,-,648,252,396,426,531,200,331,68,109,46,63,8,8,6,2,-,-,-,-,-
"성북구",돈암2동,295,-,382,178,204,252,313,135,178,36,62,37,25,7,7,6,1,-,-,-,-,-
"성북구",안암동,364,-,472,230,242,284,347,161,186,73,117,66,51,7,8,3,5,-,-,-,-,-
"성북구",보문동,451,-,567,262,305,348,420,190,230,94,136,68,68,9,11,4,7,-,-,-,-,-
"성북구",정릉1동,344,-,451,205,246,290,364,161,203,53,86,44,42,1,1,-,1,-,-,-,-,-
"성북구",정릉2동,602,-,879,420,459,474,633,297,336,123,241,121,120,5,5,2,3,-,-,-,-,-
"성북구",정릉3동,629,-,828,373,455,527,655,291,364,95,166,77,89,7,7,5,2,-,-,-,-,-
"성북구",정릉4동,666,-,934,408,526,557,722,310,412,103,206,94,112,6,6,4,2,-,-,-,-,-
"성북구",길음1동,527,-,685,253,432,447,556,203,353,69,117,44,73,11,12,6,6,-,-,-,-,-
"성북구",길음2동,506,-,669,293,376,426,545,242,303,69,112,45,67,11,12,6,6,-,-,-,-,-
"성북구",종암동,1158,-,1477,663,814,936,1130,487,643,211,335,169,166,11,12,7,5,-,-,-,-,-
"성북구",월곡1동,820,-,1045,486,559,640,778,350,428,165,251,128,123,15,16,8,8,-,-,-,-,-
"성북구",월곡2동,666,-,813,378,435,552,649,291,358,106,155,81,74,8,9,6,3,-,-,-,-,-
"성북구",장위1동,1286,-,2009,840,1169,962,1362,563,799,310,631,266,365,14,16,11,5,-,-,-,-,-
"성북구",장위2동,825,-,1174,542,632,631,822,383,439,184,338,156,182,10,14,3,11,-,-,-,-,-
"성북구",장위3동,437,-,641,289,352,343,463,206,257,88,170,80,90,6,8,3,5,-,-,-,-,-
"성북구",석관동,1494,-,1964,974,990,1191,1484,723,761,286,463,240,223,17,17,11,6,-,-,-,-,-
"성북구",기타,14,31,382,122,260,14,14,6,8,-,-,-,-,-,-,-,-,31,368,368,116,252
"강북구",소계,17815,34,24097,10957,13140,14508,18498,8223,10275,2973,4891,2455,2436,334,414,168,246,34,294,294,111,183
"강북구",삼양동,1360,-,1849,887,962,1073,1356,656,700,254,454,219,235,33,39,12,27,-,-,-,-,-
"강북구",미아동,1226,-,1480,740,740,964,1130,548,582,236,320,179,141,26,30,13,17,-,-,-,-,-
"강북구",송중동,1285,-,1643,794,849,1039,1298,612,686,215,306,167,139,31,39,15,24,-,-,-,-,-
"강북구",송천동,1621,-,2043,1027,1016,1335,1598,781,817,266,420,233,187,20,25,13,12,-,-,-,-,-
"강북구",삼각산동,1154,-,1471,540,931,996,1229,438,791,132,213,91,122,26,29,11,18,-,-,-,-,-
"강북구",번1동,1049,-,1273,656,617,828,984,494,490,206,271,154,117,15,18,8,10,-,-,-,-,-
"강북구",번2동,1479,-,2106,918,1188,1193,1597,666,931,250,456,227,229,36,53,25,28,-,-,-,-,-
"강북구",번3동,2160,-,3094,1320,1774,1839,2461,1033,1428,272,569,258,311,49,64,29,35,-,-,-,-,-
"강북구",수유1동,1226,-,1666,758,908,985,1266,570,696,226,380,181,199,15,20,7,13,-,-,-,-,-
"강북구",수유2동,1054,-,1436,547,889,864,1121,413,708,173,296,129,167,17,19,5,14,-,-,-,-,-
"강북구",수유3동,1473,-,1830,920,910,1179,1449,701,748,278,362,212,150,16,19,7,12,-,-,-,-,-
"강북구",우이동,982,-,1418,614,804,801,1104,459,645,166,297,150,147,15,17,5,12,-,-,-,-,-
"강북구",인수동,1743,-,2492,1124,1368,1409,1903,851,1052,299,547,255,292,35,42,18,24,-,-,-,-,-
"강북구",기타,3,34,296,112,184,3,2,1,1,-,-,-,-,-,-,-,-,34,294,294,111,183
"도봉구",소계,12276,51,17182,7839,9343,10113,13244,6028,7216,2008,3421,1616,1805,155,192,108,84,51,325,325,87,238
"도봉구",창1동,550,-,707,319,388,494,618,271,347,52,84,44,40,4,5,4,1,-,-,-,-,-
"도봉구",창2동,935,-,1394,581,813,741,1021,418,603,178,346,153,193,16,27,10,17,-,-,-,-,-
"도봉구",창3동,954,-,1299,560,739,768,988,427,561,174,298,128,170,12,13,5,8,-,-,-,-,-
"도봉구",창4동,310,-,392,184,208,263,324,144,180,44,64,37,27,3,4,3,1,-,-,-,-,-
"도봉구",창5동,496,-,691,326,365,419,561,256,305,70,120,63,57,7,10,7,3,-,-,-,-,-
"도봉구",도봉1동,1420,-,1882,941,941,1173,1476,725,751,229,387,203,184,18,19,13,6,-,-,-,-,-
"도봉구",도봉2동,1009,-,1244,581,663,873,1044,490,554,124,186,83,103,12,14,8,6,-,-,-,-,-
"도봉구",쌍문1동,937,-,1290,571,719,763,990,433,557,163,287,130,157,11,13,8,5,-,-,-,-,-
"도봉구",쌍문2동,910,-,1266,570,696,743,990,443,547,155,261,118,143,12,15,9,6,-,-,-,-,-
"도봉구",쌍문3동,764,-,1015,476,539,604,774,355,419,150,230,114,116,10,11,7,4,-,-,-,-,-
"도봉구",쌍문4동,303,-,444,185,259,277,391,165,226,24,51,19,32,2,2,1,1,-,-,-,-,-
"도봉구",방학1동,1499,-,1995,981,1014,1204,1536,744,792,277,436,225,211,18,23,12,11,-,-,-,-,-
"도봉구",방학2동,1869,-,2760,1272,1488,1494,2094,969,1125,347,632,283,349,28,34,20,14,-,-,-,-,-
"도봉구",방학3동,308,-,466,202,264,285,425,185,240,21,39,16,23,2,2,1,1,-,-,-,-,-
"도봉구",기타,12,51,337,90,247,12,12,3,9,-,-,-,-,-,-,-,-,51,325,325,87,238
"노원구",소계,23291,31,32776,13834,18942,18910,24967,10391,14576,4236,7013,3148,3865,145,188,78,110,31,608,608,217,391
"노원구",월계1동,705,-,903,464,439,533,663,329,334,167,234,133,101,5,6,2,4,-,-,-,-,-
"노원구",월계2동,2275,-,2979,1297,1682,1913,2409,1034,1375,347,549,253,296,15,21,10,11,-,-,-,-,-
"노원구",월계3동,1553,-,2113,865,1248,1286,1654,674,980,260,452,188,264,7,7,3,4,-,-,-,-,-
"노원구",공릉1동,1936,-,2572,1190,1382,1647,2099,948,1151,278,458,235,223,11,15,7,8,-,-,-,-,-
"노원구",공릉2동,789,-,1050,466,584,643,842,374,468,143,205,90,115,3,3,2,1,-,-,-,-,-
"노원구",하계1동,2133,-,2771,1086,1685,1731,2151,823,1328,390,602,251,351,12,18,12,6,-,-,-,-,-
"노원구",하계2동,832,-,1227,473,754,697,973,359,614,131,247,113,134,4,7,1,6,-,-,-,-,-
"노원구",중계본동,376,-,614,263,351,284,451,197,254,91,161,65,96,1,2,1,1,-,-,-,-,-
"노원구",중계1동,540,-,765,270,495,429,579,210,369,107,181,59,122,4,5,1,4,-,-,-,-,-
"노원구",중계4동,1475,-,1885,806,1079,1260,1550,666,884,205,324,137,187,10,11,3,8,-,-,-,-,-
"노원구",중계2.3동,3295,-,4781,1944,2837,2724,3711,1472,2239,558,1053,467,586,13,17,5,12,-,-,-,-,-
"노원구",상계1동,1452,-,2082,848,1234,1147,1570,629,941,298,504,213,291,7,8,6,2,-,-,-,-,-
"노원구",상계2동,871,-,1134,567,567,666,852,407,445,196,270,155,115,9,12,5,7,-,-,-,-,-
"노원구",상계3.4동,1912,-,2510,1099,1411,1519,1893,806,1087,375,596,283,313,18,21,10,11,-,-,-,-,-
"노원구",상계5동,1573,-,2262,992,1270,1146,1588,683,905,413,657,304,353,14,17,5,12,-,-,-,-,-
"노원구",상계6.7동,648,-,1050,416,634,502,773,302,471,139,265,111,154,7,12,3,9,-,-,-,-,-
"노원구",상계8동,238,-,406,152,254,205,334,126,208,33,72,26,46,-,-,-,-,-,-,-,-,-
"노원구",상계9동,364,-,559,214,345,314,477,184,293,48,79,28,51,2,3,2,1,-,-,-,-,-
"노원구",상계10동,281,-,462,181,281,221,355,144,211,57,104,37,67,3,3,-,3,-,-,-,-,-
"노원구",기타,43,31,651,241,410,43,43,24,19,-,-,-,-,-,-,-,-,31,608,608,217,391
"은평구",소계,18162,35,26753,12037,14716,14697,19414,8267,11147,3171,5441,2481,2960,294,362,158,204,35,1536,1536,1131,405
"은평구",녹번동,1430,-,1877,864,1013,1197,1538,693,845,217,322,162,160,16,17,9,8,-,-,-,-,-
"은평구",불광1동,1506,-,1946,828,1118,1233,1513,635,878,237,390,175,215,36,43,18,25,-,-,-,-,-
"은평구",불광2동,1807,-,2348,1074,1274,1466,1834,816,1018,304,466,240,226,37,48,18,30,-,-,-,-,-
"은평구",갈현1동,809,-,1089,476,613,634,788,342,446,166,290,130,160,9,11,4,7,-,-,-,-,-
"은평구",갈현2동,1167,-,1738,757,981,913,1269,547,722,240,454,202,252,14,15,8,7,-,-,-,-,-
"은평구",구산동,1219,-,1760,759,1001,983,1330,573,757,219,410,177,233,17,20,9,11,-,-,-,-,-
"은평구",대조동,1273,-,1727,782,945,1037,1364,622,742,224,349,158,191,12,14,2,12,-,-,-,-,-
"은평구",응암1동,959,-,1387,571,816,780,1079,432,647,167,296,134,162,12,12,5,7,-,-,-,-,-
"은평구",응암2동,833,-,1117,463,654,671,867,351,516,143,231,101,130,19,19,11,8,-,-,-,-,-
"은평구",응암3동,1491,-,2004,895,1109,1176,1489,642,847,277,469,233,236,38,46,20,26,-,-,-,-,-
"은평구",역촌동,1840,-,2611,1098,1513,1479,2013,838,1175,340,566,245,321,21,32,15,17,-,-,-,-,-
"은평구",신사1동,846,-,1201,540,661,680,919,419,500,148,255,107,148,18,27,14,13,-,-,-,-,-
"은평구",신사2동,753,-,1123,492,631,589,810,341,469,148,292,143,149,16,21,8,13,-,-,-,-,-
"은평구",증산동,536,-,763,348,415,418,576,258,318,113,180,85,95,5,7,5,2,-,-,-,-,-
"은평구",수색동,500,-,659,247,412,433,538,196,342,61,113,49,64,6,8,2,6,-,-,-,-,-
"은평구",진관동,1147,-,1821,683,1138,962,1441,533,908,167,358,140,218,18,22,10,12,-,-,-,-,-
"은평구",기타,46,35,1582,1160,422,46,46,29,17,-,-,-,-,-,-,-,-,35,1536,1536,1131,405
"서대문구",소계,9120,17,12286,5393,6893,7703,9797,4240,5557,1339,2131,1018,1113,78,92,42,50,17,266,266,93,173
"서대문구",천연동,691,-,800,360,440,583,659,286,373,100,133,69,64,8,8,5,3,-,-,-,-,-
"서대문구",북아현동,481,-,586,286,300,413,481,227,254,64,98,55,43,4,7,4,3,-,-,-,-,-
"서대문구",충현동,625,-,808,398,410,524,669,325,344,94,129,70,59,7,10,3,7,-,-,-,-,-
"서대문구",신촌동,359,-,406,179,227,287,320,151,169,71,85,28,57,1,1,-,1,-,-,-,-,-
"서대문구",연희동,687,-,920,398,522,582,765,317,448,103,153,80,73,2,2,1,1,-,-,-,-,-
"서대문구",홍제1동,608,-,842,389,453,516,685,316,369,81,145,70,75,11,12,3,9,-,-,-,-,-
"서대문구",홍제3동,629,-,857,357,500,557,732,300,432,66,118,54,64,6,7,3,4,-,-,-,-,-
"서대문구",홍제2동,508,-,655,244,411,451,560,203,357,54,92,38,54,3,3,3,-,-,-,-,-,-
"서대문구",홍은1동,614,-,773,338,435,537,649,278,371,72,119,58,61,5,5,2,3,-,-,-,-,-
"서대문구",홍은2동,932,-,1318,597,721,719,961,435,526,210,353,159,194,3,4,3,1,-,-,-,-,-
"서대문구",남가좌1동,258,-,346,139,207,225,288,112,176,30,52,25,27,3,6,2,4,-,-,-,-,-
"서대문구",남가좌2동,1088,-,1423,638,785,912,1165,510,655,166,246,122,124,10,12,6,6,-,-,-,-,-
"서대문구",북가좌1동,377,-,551,209,342,319,444,163,281,53,102,42,60,5,5,4,1,-,-,-,-,-
"서대문구",북가좌2동,1245,-,1717,756,961,1060,1401,605,796,175,306,148,158,10,10,3,7,-,-,-,-,-
"서대문구",기타,18,17,284,105,179,18,18,12,6,-,-,-,-,-,-,-,-,17,266,266,93,173
"마포구",소계,8460,11,11338,5102,6236,6779,8760,3720,5040,1540,2180,1185,995,141,175,82,93,11,223,223,115,108
"마포구",아현동,472,-,639,268,371,392,516,209,307,66,108,53,55,14,15,6,9,-,-,-,-,-
"마포구",공덕동,944,-,1166,541,625,761,913,403,510,155,220,125,95,28,33,13,20,-,-,-,-,-
"마포구",도화동,431,-,526,225,301,370,442,185,257,56,77,37,40,5,7,3,4,-,-,-,-,-
"마포구",용강동,351,-,445,184,261,304,373,144,229,43,66,38,28,4,6,2,4,-,-,-,-,-
"마포구",대흥동,429,-,492,248,244,345,390,191,199,78,95,55,40,6,7,2,5,-,-,-,-,-
"마포구",염리동,348,-,421,177,244,281,330,134,196,63,87,40,47,4,4,3,1,-,-,-,-,-
"마포구",신수동,327,-,430,202,228,250,333,148,185,71,89,49,40,6,8,5,3,-,-,-,-,-
"마포구",서강동,285,-,348,159,189,231,282,122,160,50,62,35,27,4,4,2,2,-,-,-,-,-
"마포구",서교동,368,-,454,236,218,269,333,158,175,94,115,75,40,5,6,3,3,-,-,-,-,-
"마포구",합정동,390,-,489,226,263,307,382,175,207,78,101,47,54,5,6,4,2,-,-,-,-,-
"마포구",망원1동,554,-,719,312,407,415,498,204,294,132,214,104,110,7,7,4,3,-,-,-,-,-
"마포구",망원2동,361,-,486,201,285,294,375,154,221,61,105,46,59,6,6,1,5,-,-,-,-,-
"마포구",연남동,280,-,344,152,192,220,268,118,150,58,74,33,41,2,2,1,1,-,-,-,-,-
"마포구",성산1동,475,-,654,324,330,359,476,233,243,107,168,83,85,9,10,8,2,-,-,-,-,-
"마포구",성산2동,1604,-,2042,962,1080,1303,1741,704,1037,275,261,237,24,26,40,21,19,-,-,-,-,-
"마포구",상암동,832,-,1451,566,885,671,1101,435,666,151,336,127,209,10,14,4,10,-,-,-,-,-
"마포구",기타,9,11,232,119,113,7,7,3,4,2,2,1,1,-,-,-,-,11,223,223,115,108
"양천구",소계,13589,21,18821,8187,10634,11765,15640,6762,8878,1727,2811,1302,1509,97,111,33,78,21,259,259,90,169
"양천구",목1동,288,-,372,139,233,270,349,128,221,18,23,11,12,-,-,-,-,-,-,-,-,-
"양천구",목2동,793,-,1135,499,636,685,960,414,546,104,170,84,86,4,5,1,4,-,-,-,-,-
"양천구",목3동,821,-,1164,524,640,718,986,440,546,100,175,84,91,3,3,-,3,-,-,-,-,-
"양천구",목4동,747,-,1101,486,615,623,882,391,491,121,216,95,121,3,3,-,3,-,-,-,-,-
"양천구",목5동,35,-,55,22,33,34,54,21,33,-,-,-,-,1,1,1,-,-,-,-,-,-
"양천구",신월1동,1447,-,1944,894,1050,1227,1603,728,875,210,331,164,167,10,10,2,8,-,-,-,-,-
"양천구",신월2동,628,-,847,388,459,562,721,324,397,61,120,63,57,5,6,1,5,-,-,-,-,-
"양천구",신월3동,1226,-,1547,775,772,1073,1334,662,672,148,207,109,98,5,6,4,2,-,-,-,-,-
"양천구",신월4동,354,-,505,213,292,313,429,182,247,37,72,29,43,4,4,2,2,-,-,-,-,-
"양천구",신월5동,603,-,813,364,449,524,683,301,382,77,127,62,65,2,3,1,2,-,-,-,-,-
"양천구",신월6동,254,-,381,164,217,222,317,136,181,26,55,26,29,6,9,2,7,-,-,-,-,-
"양천구",신월7동,846,-,1120,482,638,725,936,404,532,115,177,76,101,6,7,2,5,-,-,-,-,-
"양천구",신정1동,219,-,296,138,158,193,260,121,139,26,36,17,19,-,-,-,-,-,-,-,-,-
"양천구",신정2동,596,-,750,299,451,529,645,253,392,61,99,45,54,6,6,1,5,-,-,-,-,-
"양천구",신정3동,1771,-,2718,1131,1587,1523,2268,951,1317,234,433,174,259,14,17,6,11,-,-,-,-,-
"양천구",신정4동,1402,-,1845,870,975,1152,1483,687,796,244,356,180,176,6,6,3,3,-,-,-,-,-
"양천구",신정6동,39,-,59,26,33,39,59,26,33,-,-,-,-,-,-,-,-,-,-,-,-,-
"양천구",신정7동,1516,-,1903,683,1220,1349,1664,593,1071,145,214,83,131,22,25,7,18,-,-,-,-,-
"양천구",기타,4,21,266,90,176,4,7,-,7,-,-,-,-,-,-,-,-,21,259,259,90,169
"강서구",소계,23920,38,32940,14702,18238,20191,26386,11743,14643,3263,5474,2509,2965,466,600,251,349,38,480,480,199,281
"강서구",염창동,182,-,247,107,140,164,210,86,124,17,36,21,15,1,1,-,1,-,-,-,-,-
"강서구",등촌1동,234,-,285,123,162,200,238,100,138,30,43,23,20,4,4,-,4,-,-,-,-,-
"강서구",등촌2동,367,-,552,243,309,303,440,195,245,60,108,46,62,4,4,2,2,-,-,-,-,-
"강서구",등촌3동,4213,-,5436,2460,2976,3569,4422,1985,2437,493,816,387,429,151,198,88,110,-,-,-,-,-
"강서구",화곡1동,1721,-,2243,1056,1187,1404,1785,839,946,290,422,204,218,27,36,13,23,-,-,-,-,-
"강서구",화곡2동,714,-,1056,446,610,586,831,340,491,124,220,105,115,4,5,1,4,-,-,-,-,-
"강서구",화곡3동,537,-,712,335,377,447,577,266,311,81,125,66,59,9,10,3,7,-,-,-,-,-
"강서구",화곡4동,950,-,1318,541,777,772,1047,429,618,165,256,110,146,13,15,2,13,-,-,-,-,-
"강서구",화곡본동,1528,-,2239,993,1246,1229,1778,785,993,283,444,203,241,16,17,5,12,-,-,-,-,-
"강서구",화곡6동,816,-,1078,496,582,680,871,393,478,114,181,93,88,22,26,10,16,-,-,-,-,-
"강서구",화곡8동,880,-,1259,538,721,715,1006,432,574,157,245,103,142,8,8,3,5,-,-,-,-,-
"강서구",가양1동,242,-,327,141,186,209,277,122,155,30,47,18,29,3,3,1,2,-,-,-,-,-
"강서구",가양2동,2730,-,3467,1642,1825,2442,2934,1390,1544,251,486,230,256,37,47,22,25,-,-,-,-,-
"강서구",가양3동,1712,-,2224,933,1291,1506,1877,792,1085,169,300,126,174,37,47,15,32,-,-,-,-,-
"강서구",발산1동,1179,-,1926,762,1164,988,1548,615,933,175,351,135,216,16,27,12,15,-,-,-,-,-
"강서구",우장산동,536,-,723,321,402,443,582,260,322,84,132,56,76,9,9,5,4,-,-,-,-,-
"강서구",공항동,1143,-,1795,807,988,901,1349,614,735,215,408,175,233,27,38,18,20,-,-,-,-,-
"강서구",방화1동,916,-,1346,642,704,803,1139,529,610,100,185,99,86,13,22,14,8,-,-,-,-,-
"강서구",방화2동,1436,-,1834,858,976,1203,1476,684,792,205,321,161,160,28,37,13,24,-,-,-,-,-
"강서구",방화3동,1872,-,2382,1053,1329,1615,1988,881,1107,220,348,148,200,37,46,24,22,-,-,-,-,-
"강서구",기타,12,38,491,205,286,12,11,6,5,-,-,-,-,-,-,-,-,38,480,480,199,281
"구로구",소계,11159,22,15680,7172,8508,9424,12431,5693,6738,1329,2315,1131,1184,406,517,229,288,22,417,417,119,298
"구로구",신도림동,174,-,223,92,131,155,190,80,110,15,28,10,18,4,5,2,3,-,-,-,-,-
"구로구",구로1동,96,-,126,49,77,88,118,46,72,7,7,3,4,1,1,-,1,-,-,-,-,-
"구로구",구로2동,939,-,1160,534,626,816,978,432,546,99,154,91,63,24,28,11,17,-,-,-,-,-
"구로구",구로3동,428,-,549,290,259,361,460,236,224,54,76,50,26,13,13,4,9,-,-,-,-,-
"구로구",구로4동,868,-,1069,499,570,734,876,396,480,90,139,78,61,44,54,25,29,-,-,-,-,-
"구로구",구로5동,492,-,588,265,323,417,487,215,272,67,92,46,46,8,9,4,5,-,-,-,-,-
"구로구",가리봉동,610,-,698,420,278,505,562,333,229,89,119,75,44,16,17,12,5,-,-,-,-,-
"구로구",고척1동,516,-,716,364,352,416,547,275,272,72,136,74,62,28,33,15,18,-,-,-,-,-
"구로구",고척2동,1047,-,1444,624,820,859,1152,482,670,142,232,117,115,46,60,25,35,-,-,-,-,-
"구로구",개봉1동,1258,-,1758,862,896,1063,1411,694,717,161,302,145,157,34,45,23,22,-,-,-,-,-
"구로구",개봉2동,674,-,903,438,465,587,760,368,392,65,114,57,57,22,29,13,16,-,-,-,-,-
"구로구",개봉3동,508,-,710,313,397,431,591,266,325,62,102,40,62,15,17,7,10,-,-,-,-,-
"구로구",오류1동,917,-,1177,542,635,789,967,446,521,90,158,74,84,38,52,22,30,-,-,-,-,-
"구로구",오류2동,1372,-,2158,884,1274,1156,1760,722,1038,146,298,121,177,70,100,41,59,-,-,-,-,-
"구로구",수궁동,850,-,1258,572,686,697,967,447,520,124,253,107,146,29,38,18,20,-,-,-,-,-
"구로구",항동,389,-,704,301,403,329,583,251,332,46,105,43,62,14,16,7,9,-,-,-,-,-
"구로구",기타,21,22,439,123,316,21,22,4,18,-,-,-,-,-,-,-,-,22,417,417,119,298
"금천구",소계,10495,26,14066,6610,7456,8259,10410,4780,5630,2177,3243,1688,1555,59,75,34,41,26,338,338,108,230
"금천구",가산동,763,-,869,531,338,588,652,391,261,170,211,139,72,5,6,1,5,-,-,-,-,-
"금천구",독산1동,1474,-,1931,931,1000,1217,1568,726,842,252,358,202,156,5,5,3,2,-,-,-,-,-
"금천구",독산2동,1118,-,1489,717,772,874,1111,528,583,239,373,186,187,5,5,3,2,-,-,-,-,-
"금천구",독산3동,1073,-,1331,673,658,803,975,472,503,264,349,199,150,6,7,2,5,-,-,-,-,-
"금천구",독산4동,771,-,1003,489,514,570,703,336,367,194,288,149,139,7,12,4,8,-,-,-,-,-
"금천구",시흥1동,1388,-,1790,853,937,1058,1322,597,725,320,456,252,204,10,12,4,8,-,-,-,-,-
"금천구",시흥2동,1018,-,1328,524,804,840,1073,421,652,174,251,100,151,4,4,3,1,-,-,-,-,-
"금천구",시흥3동,319,-,432,193,239,260,345,153,192,55,82,37,45,4,5,3,2,-,-,-,-,-
"금천구",시흥4동,1121,-,1532,676,856,872,1127,478,649,242,394,192,202,7,11,6,5,-,-,-,-,-
"금천구",시흥5동,1443,-,2015,910,1105,1171,1527,674,853,266,480,231,249,6,8,5,3,-,-,-,-,-
"금천구",기타,7,26,346,113,233,6,7,4,3,1,1,1,-,-,-,-,-,26,338,338,108,230
"영등포구",소계,9967,24,12433,6702,5731,8070,9456,4904,4552,1784,2365,1477,888,113,134,60,74,24,478,478,261,217
"영등포구",영등포본동,980,-,1089,703,386,774,855,540,315,197,223,160,63,9,11,3,8,-,-,-,-,-
"영등포구",영등포동,1459,-,1529,1204,325,1108,1160,882,278,340,357,315,42,11,12,7,5,-,-,-,-,-
"영등포구",여의동,110,-,142,57,85,92,111,45,66,18,31,12,19,-,-,-,-,-,-,-,-,-
"영등포구",당산1동,514,-,628,348,280,398,479,252,227,113,146,96,50,3,3,-,3,-,-,-,-,-
"영등포구",당산2동,233,-,285,149,136,196,238,122,116,34,42,24,18,3,5,3,2,-,-,-,-,-
"영등포구",도림동,752,-,917,494,423,604,716,368,348,145,198,124,74,3,3,2,1,-,-,-,-,-
"영등포구",문래동,221,-,259,137,122,196,220,112,108,24,38,25,13,1,1,-,1,-,-,-,-,-
"영등포구",양평1동,268,-,345,166,179,208,252,125,127,59,92,41,51,1,1,-,1,-,-,-,-,-
"영등포구",양평2동,253,-,299,166,133,204,231,129,102,42,61,35,26,7,7,2,5,-,-,-,-,-
"영등포구",신길1동,967,-,1137,587,550,754,869,429,440,196,247,151,96,17,21,7,14,-,-,-,-,-
"영등포구",신길3동,646,-,836,377,459,514,633,278,355,123,194,95,99,9,9,4,5,-,-,-,-,-
"영등포구",신길4동,632,-,808,364,444,540,676,288,388,80,115,68,47,12,17,8,9,-,-,-,-,-
"영등포구",신길5동,471,-,594,281,313,397,490,223,267,66,96,53,43,8,8,5,3,-,-,-,-,-
"영등포구",신길6동,464,-,569,269,300,383,462,216,246,74,99,48,51,7,8,5,3,-,-,-,-,-
"영등포구",신길7동,246,-,325,143,182,209,270,113,157,34,52,29,23,3,3,1,2,-,-,-,-,-
"영등포구",대림1동,483,-,608,265,343,402,479,197,282,73,121,64,57,8,8,4,4,-,-,-,-,-
"영등포구",대림2동,428,-,527,199,328,377,446,160,286,50,80,38,42,1,1,1,-,-,-,-,-,-
"영등포구",대림3동,782,-,999,495,504,656,810,388,422,116,173,99,74,10,16,8,8,-,-,-,-,-
"영등포구",기타,58,24,537,298,239,58,59,37,22,-,-,-,-,-,-,-,-,24,478,478,261,217
"동작구",소계,10191,19,13541,6100,7441,8446,10683,4659,6024,1686,2474,1288,1186,59,67,29,38,19,317,317,124,193
"동작구",노량진1동,1042,-,1259,625,634,883,1067,503,564,154,187,120,67,5,5,2,3,-,-,-,-,-
"동작구",노량진2동,705,-,871,458,413,592,722,369,353,110,146,88,58,3,3,1,2,-,-,-,-,-
"동작구",상도1동,1042,-,1370,510,860,876,1094,386,708,159,268,120,148,7,8,4,4,-,-,-,-,-
"동작구",상도2동,408,-,550,234,316,349,456,183,273,59,94,51,43,-,-,-,-,-,-,-,-,-
"동작구",상도3동,857,-,1148,527,621,675,888,399,489,180,258,126,132,2,2,2,-,-,-,-,-,-
"동작구",상도4동,1095,-,1512,696,816,897,1174,524,650,192,328,168,160,6,10,4,6,-,-,-,-,-
"동작구",흑석동,452,-,598,234,364,371,462,171,291,75,129,60,69,6,7,3,4,-,-,-,-,-
"동작구",사당1동,654,-,823,402,421,539,669,310,359,111,150,89,61,4,4,3,1,-,-,-,-,-
"동작구",사당2동,580,-,719,337,382,502,606,287,319,75,110,48,62,3,3,2,1,-,-,-,-,-
"동작구",사당3동,466,-,605,305,300,361,463,230,233,102,138,73,65,3,4,2,2,-,-,-,-,-
"동작구",사당4동,448,-,590,269,321,379,495,223,272,67,93,46,47,2,2,-,2,-,-,-,-,-
"동작구",사당5동,342,-,459,187,272,290,381,147,234,52,78,40,38,-,-,-,-,-,-,-,-,-
"동작구",대방동,1100,-,1484,608,876,921,1223,478,745,170,251,127,124,9,10,3,7,-,-,-,-,-
"동작구",신대방1동,534,-,664,304,360,424,522,225,297,106,138,77,61,4,4,2,2,-,-,-,-,-
"동작구",신대방2동,451,-,558,277,281,372,447,221,226,74,106,55,51,5,5,1,4,-,-,-,-,-
"동작구",기타,15,19,331,127,204,15,14,3,11,-,-,-,-,-,-,-,-,19,317,317,124,193
"관악구",소계,18891,28,24352,11792,12560,15007,18437,8706,9731,3463,5071,2730,2341,421,494,229,265,28,350,350,127,223
"관악구",보라매동,899,-,1200,545,655,740,945,422,523,144,237,112,125,15,18,11,7,-,-,-,-,-
"관악구",청림동,496,-,638,274,364,421,523,227,296,63,100,42,58,12,15,5,10,-,-,-,-,-
"관악구",성현동,1276,-,1642,651,991,1057,1305,502,803,163,275,126,149,56,62,23,39,-,-,-,-,-
"관악구",행운동,927,-,1145,533,612,786,939,428,511,127,190,100,90,14,16,5,11,-,-,-,-,-
"관악구",낙성대동,390,-,470,237,233,293,350,166,184,88,110,65,45,9,10,6,4,-,-,-,-,-
"관악구",청룡동,971,-,1155,555,600,779,912,432,480,162,208,111,97,30,35,12,23,-,-,-,-,-
"관악구",은천동,1329,-,1737,756,981,1104,1374,588,786,198,331,154,177,27,32,14,18,-,-,-,-,-
"관악구",중앙동,493,-,626,301,325,414,513,235,278,70,103,63,40,9,10,3,7,-,-,-,-,-
"관악구",인헌동,586,-,759,331,428,492,623,261,362,85,126,65,61,9,10,5,5,-,-,-,-,-
"관악구",남현동,301,-,359,151,208,248,293,118,175,43,53,26,27,10,13,7,6,-,-,-,-,-
"관악구",서원동,765,-,1014,508,506,581,746,369,377,166,247,130,117,18,21,9,12,-,-,-,-,-
"관악구",신원동,922,-,1129,541,588,743,887,416,471,148,204,101,103,31,38,24,14,-,-,-,-,-
"관악구",서림동,1085,-,1353,753,600,787,956,533,423,284,381,213,168,14,16,7,9,-,-,-,-,-
"관악구",신사동,935,-,1227,583,644,740,943,432,511,181,270,141,129,14,14,10,4,-,-,-,-,-
"관악구",신림동,797,-,898,525,373,579,644,369,275,205,240,149,91,13,14,7,7,-,-,-,-,-
"관악구",난향동,512,-,700,277,423,412,537,208,329,78,136,62,74,22,27,7,20,-,-,-,-,-
"관악구",조원동,684,-,826,458,368,578,689,371,318,103,134,85,49,3,3,2,1,-,-,-,-,-
"관악구",대학동,1444,-,1603,1192,411,1002,1118,819,299,413,453,351,102,29,32,22,10,-,-,-,-,-
"관악구",삼성동,1321,-,1699,737,962,1117,1374,567,807,182,298,154,144,22,27,16,11,-,-,-,-,-
"관악구",미성동,1074,-,1546,658,888,808,1068,438,630,243,448,212,236,23,30,8,22,-,-,-,-,-
"관악구",난곡동,1671,-,2264,1093,1171,1314,1687,800,887,316,526,267,259,41,51,26,25,-,-,-,-,-
"관악구",기타,13,28,362,133,229,12,11,5,6,1,1,1,-,-,-,-,-,28,350,350,127,223
"서초구",소계,5580,6,7987,3609,4378,4767,6400,2838,3562,783,1411,645,766,30,35,14,21,6,141,141,112,29
"서초구",서초1동,308,-,386,194,192,252,304,151,153,56,82,43,39,-,-,-,-,-,-,-,-,-
"서초구",서초2동,136,-,195,97,98,116,158,78,80,20,37,19,18,-,-,-,-,-,-,-,-,-
"서초구",서초3동,302,-,393,180,213,255,328,150,178,47,65,30,35,-,-,-,-,-,-,-,-,-
"서초구",서초4동,69,-,75,37,38,62,66,30,36,7,9,7,2,-,-,-,-,-,-,-,-,-
"서초구",잠원동,243,-,278,150,128,208,231,124,107,33,45,25,20,2,2,1,1,-,-,-,-,-
"서초구",반포본동,-,-,-,-,-,-,-,-,-,-,-,-,-,-,-,-,-,-,-,-,-,-
"서초구",반포1동,417,-,522,262,260,350,417,212,205,64,102,48,54,3,3,2,1,-,-,-,-,-
"서초구",반포2동,17,-,21,9,12,17,21,9,12,-,-,-,-,-,-,-,-,-,-,-,-,-
"서초구",반포3동,32,-,44,15,29,32,44,15,29,-,-,-,-,-,-,-,-,-,-,-,-,-
"서초구",반포4동,79,-,121,49,72,61,84,34,50,18,37,15,22,-,-,-,-,-,-,-,-,-
"서초구",방배본동,263,-,362,158,204,219,288,126,162,43,73,32,41,1,1,-,1,-,-,-,-,-
"서초구",방배1동,281,-,347,157,190,249,296,134,162,29,48,22,26,3,3,1,2,-,-,-,-,-
"서초구",방배2동,368,-,458,185,273,330,400,155,245,38,58,30,28,-,-,-,-,-,-,-,-,-
"서초구",방배3동,85,-,106,54,52,72,88,46,42,12,17,7,10,1,1,1,-,-,-,-,-,-
"서초구",방배4동,277,-,363,141,222,244,311,118,193,32,51,22,29,1,1,1,-,-,-,-,-,-
"서초구",양재1동,1607,-,2528,1053,1475,1379,2061,858,1203,217,453,191,262,11,14,4,10,-,-,-,-,-
"서초구",양재2동,610,-,795,389,406,529,674,331,343,79,119,57,62,2,2,1,1,-,-,-,-,-
"서초구",내곡동,485,-,851,366,485,391,628,266,362,88,215,97,118,6,8,3,5,-,-,-,-,-
"서초구",기타,1,6,142,113,29,1,1,1,-,-,-,-,-,-,-,-,-,6,141,141,112,29
"강남구",소계,11583,13,16425,7141,9284,9558,12468,5362,7106,1817,3111,1537,1574,208,277,120,157,13,569,569,122,447
"강남구",신사동,173,-,229,105,124,149,192,92,100,23,34,12,22,1,3,1,2,-,-,-,-,-
"강남구",논현1동,718,-,906,436,470,530,649,304,345,178,245,126,119,10,12,6,6,-,-,-,-,-
"강남구",논현2동,395,-,549,239,310,286,384,147,237,105,159,89,70,4,6,3,3,-,-,-,-,-
"강남구",압구정동,107,-,116,55,61,97,104,47,57,9,11,7,4,1,1,1,-,-,-,-,-,-
"강남구",청담동,161,-,229,103,126,127,166,73,93,33,62,30,32,1,1,-,1,-,-,-,-,-
"강남구",삼성1동,99,-,148,76,72,72,102,48,54,26,45,27,18,1,1,1,-,-,-,-,-,-
"강남구",삼성2동,385,-,523,256,267,300,378,181,197,84,144,75,69,1,1,-,1,-,-,-,-,-
"강남구",대치1동,10,-,15,7,8,8,11,5,6,2,4,2,2,-,-,-,-,-,-,-,-,-
"강남구",대치2동,125,-,171,79,92,110,144,65,79,14,26,14,12,1,1,-,1,-,-,-,-,-
"강남구",대치4동,424,-,617,296,321,313,447,209,238,108,167,84,83,3,3,3,-,-,-,-,-,-
"강남구",역삼1동,929,-,1104,575,529,649,747,379,368,270,347,191,156,10,10,5,5,-,-,-,-,-
"강남구",역삼2동,406,-,524,272,252,317,392,201,191,88,130,70,60,1,2,1,1,-,-,-,-,-
"강남구",도곡1동,128,-,145,76,69,92,102,52,50,34,41,23,18,2,2,1,1,-,-,-,-,-
"강남구",도곡2동,71,-,90,41,49,58,73,34,39,13,17,7,10,-,-,-,-,-,-,-,-,-
"강남구",개포1동,103,-,133,61,72,89,104,44,60,12,25,14,11,2,4,3,1,-,-,-,-,-
"강남구",개포2동,168,-,226,102,124,151,197,86,111,15,27,15,12,2,2,1,1,-,-,-,-,-
"강남구",개포3동,1033,-,1368,512,856,943,1204,439,765,75,144,64,80,15,20,9,11,-,-,-,-,-
"강남구",개포4동,521,-,740,327,413,391,527,226,301,106,185,90,95,24,28,11,17,-,-,-,-,-
"강남구",세곡동,1539,-,2690,1115,1575,1252,2005,818,1187,259,647,283,364,28,38,14,24,-,-,-,-,-
"강남구",일원본동,82,-,111,46,65,73,97,38,59,8,13,7,6,1,1,1,-,-,-,-,-,-
"강남구",일원1동,1261,-,1724,748,976,1065,1387,581,806,154,276,141,135,42,61,26,35,-,-,-,-,-
"강남구",수서동,2738,-,3490,1491,1999,2479,3048,1292,1756,201,362,166,196,58,80,33,47,-,-,-,-,-
"강남구",기타,7,13,577,123,454,7,8,1,7,-,-,-,-,-,-,-,-,13,569,569,122,447
"송파구",소계,13336,25,19098,8822,10276,10650,14302,6570,7732,2503,4204,2017,2187,183,216,83,133,25,376,376,152,224
"송파구",풍납1동,439,-,535,238,297,374,433,195,238,60,97,42,55,5,5,1,4,-,-,-,-,-
"송파구",풍납2동,401,-,526,248,278,309,387,177,210,87,133,70,63,5,6,1,5,-,-,-,-,-
"송파구",거여1동,472,-,630,303,327,391,489,226,263,76,136,76,60,5,5,1,4,-,-,-,-,-
"송파구",거여2동,769,-,984,428,556,628,768,328,440,120,194,91,103,21,22,9,13,-,-,-,-,-
"송파구",마천1동,1247,-,1754,884,870,1022,1370,682,688,213,370,196,174,12,14,6,8,-,-,-,-,-
"송파구",마천2동,1107,-,1556,723,833,875,1162,529,633,210,369,182,187,22,25,12,13,-,-,-,-,-
"송파구",방이1동,245,-,343,151,192,191,248,111,137,54,95,40,55,-,-,-,-,-,-,-,-,-
"송파구",방이2동,720,-,926,451,475,572,712,338,374,140,205,110,95,8,9,3,6,-,-,-,-,-
"송파구",오륜동,13,-,14,3,11,13,14,3,11,-,-,-,-,-,-,-,-,-,-,-,-,-
"송파구",오금동,1148,-,1794,765,1029,925,1368,586,782,207,403,165,238,16,23,14,9,-,-,-,-,-
"송파구",송파1동,449,-,585,251,334,359,440,193,247,85,140,56,84,5,5,2,3,-,-,-,-,-
"송파구",송파2동,224,-,301,151,150,164,204,102,102,58,95,49,46,2,2,-,2,-,-,-,-,-
"송파구",석촌동,947,-,1191,651,540,728,888,484,404,205,286,160,126,14,17,7,10,-,-,-,-,-
"송파구",삼전동,966,-,1335,622,713,754,994,465,529,197,326,153,173,15,15,4,11,-,-,-,-,-
"송파구",가락본동,525,-,659,356,303,418,517,275,242,100,135,80,55,7,7,1,6,-,-,-,-,-
"송파구",가락1동,105,-,151,60,91,99,141,55,86,5,9,5,4,1,1,-,1,-,-,-,-,-
"송파구",가락2동,398,-,564,258,306,318,437,200,237,70,116,56,60,10,11,2,9,-,-,-,-,-
"송파구",문정1동,307,-,434,212,222,244,335,164,171,61,96,47,49,2,3,1,2,-,-,-,-,-
"송파구",문정2동,83,-,93,41,52,65,74,31,43,17,18,10,8,1,1,-,1,-,-,-,-,-
"송파구",장지동,1088,-,1842,728,1114,899,1466,575,891,177,357,144,213,12,19,9,10,-,-,-,-,-
"송파구",위례동,700,-,1269,512,757,541,916,376,540,144,332,129,203,15,21,7,14,-,-,-,-,-
"송파구",잠실본동,850,-,1064,561,503,642,792,416,376,204,268,143,125,4,4,2,2,-,-,-,-,-
"송파구",잠실2동,25,-,32,15,17,23,27,12,15,2,5,3,2,-,-,-,-,-,-,-,-,-
"송파구",잠실3동,44,-,58,23,35,37,46,16,30,6,11,6,5,1,1,1,-,-,-,-,-,-
"송파구",잠실4동,20,-,25,16,9,19,23,15,8,1,2,1,1,-,-,-,-,-,-,-,-,-
"송파구",잠실6동,30,-,39,12,27,26,33,9,24,4,6,3,3,-,-,-,-,-,-,-,-,-
"송파구",잠실7동,9,-,13,4,9,9,13,4,9,-,-,-,-,-,-,-,-,-,-,-,-,-
"송파구",기타,5,25,381,155,226,5,5,3,2,-,-,-,-,-,-,-,-,25,376,376,152,224
"강동구",소계,13490,28,18359,8642,9717,10998,14091,6528,7563,2234,3544,1771,1773,258,305,138,167,28,419,419,205,214
"강동구",강일동,1659,-,2461,995,1466,1415,2019,803,1216,204,390,171,219,40,52,21,31,-,-,-,-,-
"강동구",상일1동,300,-,382,188,194,252,307,150,157,44,71,35,36,4,4,3,1,-,-,-,-,-
"강동구",상일2동,646,-,1020,412,608,535,778,313,465,101,226,92,134,10,16,7,9,-,-,-,-,-
"강동구",명일1동,352,-,435,238,197,281,340,183,157,66,90,52,38,5,5,3,2,-,-,-,-,-
"강동구",명일2동,135,-,182,69,113,114,151,55,96,18,28,12,16,3,3,2,1,-,-,-,-,-
"강동구",고덕1동,306,-,406,192,214,275,355,171,184,24,44,20,24,7,7,1,6,-,-,-,-,-
"강동구",고덕2동,447,-,582,280,302,374,465,226,239,62,104,49,55,11,13,5,8,-,-,-,-,-
"강동구",암사1동,1569,-,2167,1010,1157,1248,1650,745,905,298,489,252,237,23,28,13,15,-,-,-,-,-
"강동구",암사2동,146,-,168,94,74,120,137,73,64,24,29,19,10,2,2,2,-,-,-,-,-,-
"강동구",암사3동,89,-,114,50,64,82,100,44,56,6,13,6,7,1,1,-,1,-,-,-,-,-
"강동구",천호1동,1376,-,1773,830,943,1113,1379,641,738,228,352,169,183,35,42,20,22,-,-,-,-,-
"강동구",천호2동,1619,-,2113,1032,1081,1326,1675,812,863,246,381,190,191,47,57,30,27,-,-,-,-,-
"강동구",천호3동,1205,-,1466,744,722,981,1152,575,577,203,291,159,132,21,23,10,13,-,-,-,-,-
"강동구",성내1동,269,-,388,193,195,212,281,138,143,55,105,53,52,2,2,2,-,-,-,-,-,-
"강동구",성내2동,896,-,1066,534,532,730,864,428,436,151,187,101,86,15,15,5,10,-,-,-,-,-
"강동구",성내3동,594,-,787,391,396,463,604,292,312,123,174,94,80,8,9,5,4,-,-,-,-,-
"강동구",길동,1429,-,1833,911,922,1105,1366,665,701,306,448,238,210,18,19,8,11,-,-,-,-,-
"강동구",둔촌1동,2,-,2,2,-,1,1,1,-,1,1,1,-,-,-,-,-,-,-,-,-,-
"강동구",둔촌2동,447,-,592,271,321,367,464,212,252,74,121,58,63,6,7,1,6,-,-,-,-,-
"강동구",기타,4,28,422,206,216,4,3,1,2,-,-,-,-,-,-,-,-,28,419,419,205,214
